Club,Municipi,Correu(s) públic(s),Web,Xarxes socials,Telèfon / notes
Cambrils Club Hoquei,Cambrils,,cambrilsch.cat,,Correu rebotat eliminat: cambrilsclubhoquei@gmail.com
Capellades Hoquei Club,Capellades,kphoqueiclub@gmail.com,,@CapelladesHC (X),tel 679417973
CE Cornellà (hoquei patins),Cornellà de Llobregat,cecornellacoordinacio@gmail.com; cornellahockeypatines@gmail.com,,@hoqueiclubcornella,tel 657954486
CE Lleida Llista Blava,Lleida,club@lleida-llista.com,lleida-llista.com,,tel 973 24 79 40
CE Noia,Sant Sadurní d'Anoia,hoquei@cenoia.com; comunicacio@cenoia.com; cenoia@cenoia.com,cenoia.com,,cenoia.com
CEH Olímpic Reus,Reus,info@olimpicreus.cat; hoqueiolimpicreus@gmail.com,olimpicreus.cat,@c.e.h.olimpic.reus,tel 679 048 104
Cerdanyola Club Hoquei,Cerdanyola del Vallès,info@cerdanyolach.com; cerdanyolaclubhoquei@fecapa.cat,cerdanyolach.cat,@cerdanyola_ch,cerdanyolach.cat/hockey/contacte · @fecapa.cat = adreça assignada per la Federació
CH Caldes,Caldes de Montbui,info@chcaldes.com; chcaldes@gmail.com; premsachcaldes@gmail.com,clubhoqueicaldes.com,@chcaldes,clubhoqueicaldes.com/dades-del-club
CHP Bigues i Riells,Bigues i Riells,secretaria@hoqueibiguesiriells.com,hoqueibiguesiriells.com,@CHPBiR (X),
CHP Sant Feliu de Codines,Sant Feliu de Codines,info@chpsantfeliu.cat,chpsantfeliu.cat,@chpsantfeliu (X),
CHPA Cadí,La Seu d'Urgell,comunicacio@hoqueicadi.cat,hoqueicadi.cat,,tel 650 892 283
Club Esportiu Hoquei Sabadell,Sabadell,joanestevecasablancas@gmail.com,,@CEHSabadell (X),contacte personal publicat
Club Hoquei Arenys de Mar,Arenys de Mar,hoqueiarenysdemar@gmail.com,,,
Club Hoquei Casal Espluga,L'Espluga de Francolí,info@casaldelespluga.cat,casaldelespluga.cat,,tel 977870359
Club Hoquei Castellet,Sant Vicenç de Castellet,castellethoquei@gmail.com,chcastellet.com,@club_hoquei (X),
Club Hoquei Claret Barcelona,Barcelona,info@hoqueiclaret.com; inscripcions@hoqueiclaret.com,hoqueiclaret.com,@hoqueiclaretbarcelona,WhatsApp +34 642 00 15 52
Club Hoquei Esplugues,Esplugues de Llobregat,,,,tel 93 473 1899 · Correu rebotat eliminat: seniorhce@gmail.com
Club Hoquei Figueres,Figueres,hoqueifigueres@yahoo.es,,@hoqueifigueres (X),tel 653 58 48 24
Club Hoquei Les Franqueses,Les Franqueses del Vallès,info@hoqueilesfranqueses.cat,hoqueilesfranqueses.cat,@aehfranqueses (X),
Club Hoquei Lloret,Lloret de Mar,info@hoqueilloret.org,hoqueilloret.org,@HoqueiLloret (X),
Club Hoquei Molins de Rei,Molins de Rei,okmolins@gmail.com,clubhoqueimolins.cat,,
Club Hoquei Mollerussa,Mollerussa,chmollerussa@gmail.com,,@CH_Mollerussa (X),tel 639481479
Club Hoquei Navarcles,Navarcles,clubhoqueinavarcles@gmail.com,,@clubhoqueinavarcles,tel 609050468
Club Hoquei Olot,Olot,hoqueiolot@gmail.com,hoqueiolot.com,@hoqueiolot,
Club Hoquei Palafrugell,Palafrugell,,chpalafrugell.cat,@chpalafrugell (X),tel 972612449 · Correu rebotat eliminat: info@chpalafrugell.cat
Club Hoquei Patins Martorell,Martorell,hoqueipatinsmartorell@gmail.com,club-hoquei-patins-martorell.jimdosite.com,@hoqueimartorell,
Club Hoquei Patí Sant Josep de Badalona,Badalona,comunicacio@hoqueibadalona.cat; lopd@hoqueibadalona.cat,hoqueibadalona.cat,@hoqueibadalona (X),tel 611 07 53 44
Club Hoquei Premià,Premià de Mar,chpremia@gmail.com,,,tel 677038070
Club Hoquei Ripollet,Ripollet,info@clubhoqueiripollet.com,clubhoqueiripollet.com,,
Club Hoquei Sant Jordi Desvalls,Sant Jordi Desvalls,hoqueisantjordi@gmail.com,,@hoqueisantjordi,tel 621 268 130
Club Hoquei Santa Perpètua,Santa Perpètua de Mogoda,clubhoqueisantaperpetua@gmail.com; clubhoqueisantaperpetua@fecapa.cat,hoqueisantaperpetua.org,,tel 609 743 605 · @fecapa.cat = adreça assignada per la Federació
Club Hoquei Vila-seca,Vila-seca,info@chvs.cat; clubhoqueivilaseca@fecapa.cat,chvs.cat,@CHVilaseca (X),tel 977396305 · @fecapa.cat = adreça assignada per la Federació
Club Patí Alcover,Alcover,clubpatialcover@gmail.com,clubpatialcover.cat,,
Club Patí Bell-lloc,Bell-lloc d'Urgell,cpbell.lloc@gmail.com,cpbell-lloc.com,@cpbelloc,tel 607410206
Club Patí Blanes Atlètic,Blanes,cpblanes2015@gmail.com,cpblanesatletic.cat,,tel 653 965 938
Club Patí Cabrils,Cabrils,clubpaticabrils@gmail.com,,,
Club Patí Calafell,Calafell,cpcalafell@cpcalafell.com,cpcalafell.cat,@cpcalafell,tel 693237272
Club Patí Centelles,Centelles,clubpaticentelles@fecapa.cat,cpcentelles.cat,,tel 667 405 864 · @fecapa.cat = adreça assignada per la Federació
Club Patí Congrés,Barcelona,info_hoquei@cpcongres.cat; hoqueibasecpcongres@gmail.com,cpcongres.cat,@clubpaticongres (X),tel 666 73 13 00
Club Patí Corbera,Corbera de Llobregat,clubpaticorbera@fecapa.cat,,@chcorbera,@fecapa.cat = adreça assignada per la Federació
Club Patí Folgueroles,Folgueroles,clubpatifolgueroles@fecapa.cat,clubpatifolgueroles.cat,@CPFolgueroles (X),@fecapa.cat = adreça assignada per la Federació
Club Patí Gramenet,Santa Coloma de Gramenet,cpgramenet@gmail.com,,,tel 629 36 56 26 · club de patí; verificar secció hoquei
Club Patí Malgrat,Malgrat de Mar,clubpatimalgrat@gmail.com,cpmalgrat.com,@cpmalgrat (X),tel 610 229 709
Club Patí Manresa,Manresa,clubpatimanresahoquei@gmail.com; secretaria@clubpatimanresa.cat,clubpatimanresa.cat,@cpmanresahoquei,
Club Patí Parets,Parets del Vallès,clubpatinatgeparets@gmail.com,,@clubpatiparets,club de patí; verificar secció hoquei
Club Patí Riudoms,Riudoms,,,,"tel 628101216 · Correu rebotat eliminat: info@clubpatiriudoms.com, info@cpriudoms.club"
Club Patí Roda,Roda de Ter,cprodahoquei@gmail.com,cproda.cat,@CPRoda (X),tel 638823477
Club Patí Sant Ramon,Vilafranca del Penedès,angels.ventura@gmail.com,clubpatisantramon.com,,secció patinatge
Club Patí Sitges,Sitges,hoquei@clubpatisitges.com,clubpatisitges.com,@HoqueiSitges (X),
Club Patí Taradell,Taradell,admin@cptaradell.cat,cptaradell.cat,@cptaradell (X),tel 93 880 12 61
Club Patí Tordera,Tordera,cptordera0910@gmail.com,cptordera.cat,@clubpatitordera (X),
Club Patí Torrelles,Torrelles de Llobregat,clubpatitorrelles@gmail.com,,,tel 687 550 739
Club Patí Vic,Vic,info@clubpativic.cat,clubpativic.cat,,tel 938895659
Club Patí Vilafranca,Vilafranca del Penedès,,cpvilafranca.cat,,tel 93 817 31 31 · Correu rebotat eliminat: hello@cpvilafranca.cat
Club Patí Vilanova,Vilanova i la Geltrú,cpvilanova@clubpativilanovafundacio.cat,,@cpvilanova,tel 938148024
Club Sants-Montjuïc Hoquei Patins,Barcelona,,,,tel 934910549 · Correu rebotat eliminat: santsmontjuic@esportbarrio.com
Club Vilassar Hoquei,Vilassar de Mar,admin@vilassarhoquei.cat; esportiu@vilassarhoquei.cat; web@vilassarhoquei.cat; sponsors@vilassarhoquei.cat; equipacions@vilassarhoquei.cat,vilassarhoquei.cat,,tel 93 750 08 84
CN Reus Ploms (hoquei patins),Reus,info@reusploms.cat,reusploms.cat,,Correu rebotat eliminat: actividades@reusploms.cat
CP Manlleu (Martinelia),Manlleu,info@cpmanlleu.cat; coordinador@cpmanlleu.cat,cpmanlleu.cat,@cpmanlleu (X),tel 93 8511550
CP Voltregà,Les Masies de Voltregà,info@cpvoltrega.com,cpvoltrega.com,@cpvoltrega,cpvoltrega.com
CPA Sant Celoni,Sant Celoni,cpsantceloni@cpsantceloni.cat,cpsantceloni.cat,,tel 686387024
CPI La Sagrera,Barcelona,escola@cpisagrera.cat,cpisagrera.cat,,
FC Barcelona (hoquei patins),Barcelona,escola.patinatge@fcbarcelona.cat,fcbarcelona.cat,,escola
GEiEG (hoquei patins),Girona,hoqueigeieg@fecapa.cat,geieg.cat,,@fecapa.cat = adreça assignada per la Federació
Girona Club Hoquei,Girona,info.gironaclubhoquei@gmail.com; gironaclubhoquei@fecapa.cat,gironach.cat,,tel 972 222 125 · @fecapa.cat = adreça assignada per la Federació
HC Sferic Terrassa,Terrassa,info.sfericok@gmail.com,sfericok.cat,@oksfericterrassa,tel 609061492
Hoquei Arenys de Munt,Arenys de Munt,amunthoquei@amunthoquei.cat,amunthoquei.cat,,
Hoquei Club Alpicat,Alpicat,hoquei.alpicat@gmail.com,,@hclleidanetalpicat,
Hoquei Club Montbui,Santa Margarida de Montbui,info@hoqueiclubmontbui.cat,hoqueiclubmontbui.cat,,tel 675783970
Hoquei Club Palau,Palau-solità i Plegamans,hcpalau@hcpalau.cat,hcpalau.com,,hcpalau.com/contacte
Hoquei Club Piera,Piera,hoqueiclubpiera@gmail.com,hcpiera.com,,tel 626 285 653
Hoquei Club Ripoll,Ripoll,hcripoll@gmail.com,,@hoqueiclubripoll,tel 627583404
Hoquei Club Salt,Salt,hoqueisalt@gmail.com,hoqueiclubsalt.cat,@hoqueiclubsalt (X),tel 636947421
Hoquei Club Sant Just,Sant Just Desvern,club@hcsantjust.net,hcsantjust.net,,
Hoquei Club Sentmenat,Sentmenat,hcsentmenat.junta@gmail.com,hcsentmenat.cat,@hcsentmenat_oficial,tel 668566823
Hoquei Club Valls,Valls,hoqueiclubvalls@gmail.com,hoqueivalls.com,@HoqueiValls (X),tel 699 477 565
Hoquei JMJ (Col·legi Manyanet Sant Andreu),Barcelona,secretaria.ampa@santandreu.manyanet.org,hoqueijmj.eu,,AMPA
Hoquei Patins Tona,Tona,hoquei.patins.tona@gmail.com,hptona.com,@HpTona (X),
Igualada Hoquei Club,Igualada,secretaria@igualadahc.com,igualadahc.com,@IgualadaHC (X),tel 93 804 42 57
Mollet HC,Mollet del Vallès,mollethc@mollethc.cat,mollethc.cat,@mollethoqueiclub_oficial,
Patí Hoquei Club Sant Cugat,Sant Cugat del Vallès,,phcsantcugat.com,@phcsantcugat (X),tel 699 076 123 · Correu rebotat eliminat: santcugat-ok.campus@hotmail.com
Tàrrega Hoquei Patins Club,Tàrrega,info@hoqueitarrega.com,hoqueitarrega.com,,tel 676 048 317
UE Horta (hoquei patins),Barcelona,uehorta@uehorta.cat,uehorta.cat,@hoqueiuehorta (X),tel 93 427 64 79
UE La Garriga (hoquei),La Garriga,uelagarriga@gmail.com; lluism1968@gmail.com,,,tel 679203865
CEHP Banyoles (Hoquei Banyoles),Banyoles,,,@hoqueibanyoles,
CHP Aiguafreda-Sant Martí de Centelles,Aiguafreda,,,,
Club Hoquei Canet de Mar,Canet de Mar,,,,
Club Hoquei Juneda,Juneda,,,@chjuneda,email ocult
Club Hoquei Mataró,Mataró,,chmataro.cat,@chmataro,tel 659132573
Club Hoquei Patins Amposta,Amposta,,,@clubhoqueipatiamposta,tel 649 10 59 74
Club Hoquei Prat,El Prat de Llobregat,,clubhoqueiprat.com,,incomplet · correu incomplet a la font: info.clubhoqueiprat@... (incomplet)
Club Hoquei Tortosa,Tortosa,,,,
Club Patí Ciutat de Sabadell,Sabadell,,,,
Club Patí Cubelles,Cubelles,,,@CubellesCP (X),
Club Patí Guixolenc,Sant Feliu de Guíxols,,,,
Club Patí Masquefa (hoquei),Masquefa,,amasquefa.com,,
Club Patí Riudebitlles,Sant Pere de Riudebitlles,,,@cpriudebitlles (X),
Club Patí Vila-sana,Vila-sana,,hoqueivilasana.com; clubpativilasana.com,@hoquei_vilasana,
Hoquei Cassà,Cassà de la Selva,,,,
Hoquei Club Castellar,Castellar del Vallès,,hoqueiclubcastellar.com,@hc_castellar (X),email ocult; tel 937 15 95 73
Hoquei Club El Pla,El Pla de Santa Maria,,cpepsm.com,,
Hoquei Vendrell (CE Vendrell),El Vendrell,,hoqueivendrell.com,,tel 977157139
Reus Deportiu (hoquei),Reus,,reusdeportiu.org,,tel 977 328 399
Ribes Club Patí,Sant Pere de Ribes,,,@ribesclubpati,
Seccions Deportives Espanyol (hoquei patins),Barcelona/Sant Adrià,,,,
SHUM Maçanet,Maçanet de la Selva,,shummassanet.com,@shummassanet (X),email ocult a la web
